{
  "version": 1,
  "search": [{
    "entityName": "User",
    "properties": [
      {"name": "nickname"},
      {"name": "username"},
      {"name": "group", "type": "int"},
      {"name": "enable", "type": "boolean"}
    ]
  }, {
    "entityName": "Item",
    "properties": [
      {"name": "enable", "type": "boolean"},
      {"name": "modifyTime", "type": "timestamp"},
      {"name": "name"},
      {"name": "price", "type": "double"},
      {"name": "shop.name"}
    ]
  }, {
    "entityName": "Shop",
    "properties": [
      {"name": "enable", "type": "boolean"},
      {"name": "name"},
      {"name": "sellerId", "type": "int"}
    ]
  }]
}